team1,team1_1st_downs,team1_numberpenalties,team1_penaltyyards,team1_3rd_down_efficiency,team1_4th_down_efficiency,team1_comp/att,team1_defensive_/_special_teams_tds,team1_fumbles_lost,team1_interceptions_thrown,team1_passing,team1_passing_1st_downs,team1_red_zone_(made-att),team1_rushing,team1_rushing_1st_downs,team1_rushing_attempts,team1_sacks-yards_lost,team1_total_drives,team1_total_plays,team1_total_yards,team1_turnovers,team1_yards_per_pass,team1_yards_per_play,team1_yards_per_rush
49ers,21.6,6.1,46.7,0.45288947163947163,0.38333333333333336,0.6898201510040176,0.0,0.5,1.0,261.4,13.9,0.6483333333333333,94.8,6.3,27.0,0.2149393090569561,10.2,65.0,356.2,1.5,6.9,5.5,3.56
Bears,20.88888888888889,8.222222222222221,66.77777777777777,0.40166546416546417,0.4722222222222222,0.608967168888524,0.1111111111111111,0.2222222222222222,0.4444444444444444,232.44444444444446,11.444444444444445,0.5925925925925926,147.33333333333334,7.888888888888889,29.22222222222222,0.11671455938697317,11.222222222222221,64.0,379.77777777777777,0.6666666666666666,6.777777777777778,5.922222222222222,4.911111111111111
Bengals,19.333333333333332,5.222222222222222,35.333333333333336,0.39902196568863235,0.4444444444444444,0.6362068908375584,0.1111111111111111,0.4444444444444444,1.1111111111111112,229.44444444444446,11.777777777777779,0.674074074074074,78.77777777777777,5.111111111111111,18.77777777777778,0.16314270524796834,10.88888888888889,58.22222222222222,308.22222222222223,1.5555555555555556,5.522222222222222,5.133333333333334,4.077777777777778
Bills,22.77777777777778,6.777777777777778,57.55555555555556,0.4385602052268719,0.2777777777777778,0.6962050451064008,0.0,0.4444444444444444,0.5555555555555556,231.22222222222223,12.0,0.6071428571428572,153.22222222222223,8.333333333333334,30.88888888888889,0.27133892204224686,10.555555555555555,63.0,384.44444444444446,1.0,7.155555555555556,6.1,4.933333333333334
Broncos,19.1,8.3,73.6,0.3881578144078144,0.25,0.6110614944235634,0.0,0.4,0.8,206.0,10.7,0.5683333333333334,128.6,6.4,27.0,0.15285714285714283,11.9,63.1,334.6,1.2,5.7700000000000005,5.3,4.76
Browns,17.444444444444443,7.0,55.22222222222222,0.3274180703102271,0.48148148148148145,0.5888467242633909,0.1111111111111111,0.2222222222222222,0.8888888888888888,168.11111111111111,8.666666666666666,0.574074074074074,97.11111111111111,6.333333333333333,24.666666666666668,0.1610820185189462,11.333333333333334,64.66666666666667,265.22222222222223,1.1111111111111112,4.288888888888889,4.1,3.9777777777777774
Buccaneers,19.444444444444443,6.222222222222222,48.55555555555556,0.37153124653124653,0.3592592592592593,0.6498220283225967,0.2222222222222222,0.3333333333333333,0.2222222222222222,228.55555555555554,11.11111111111111,0.5222222222222223,99.77777777777777,6.0,25.0,0.13701369436663552,11.11111111111111,61.77777777777778,328.3333333333333,0.5555555555555556,6.522222222222222,5.333333333333333,3.966666666666667
Cardinals,19.666666666666668,6.777777777777778,48.888888888888886,0.4468915343915344,0.37777777777777777,0.6538205551977969,0.1111111111111111,0.6666666666666666,0.4444444444444444,202.88888888888889,11.88888888888889,0.574074074074074,113.44444444444444,5.888888888888889,25.22222222222222,0.14968050181228473,10.11111111111111,64.33333333333333,316.3333333333333,1.1111111111111112,5.311111111111111,4.944444444444445,4.522222222222222
Chargers,21.4,7.1,50.0,0.47522298779651717,0.475,0.6770412056851506,0.0,0.4,0.8,245.4,12.3,0.48690476190476184,123.1,7.4,26.4,0.2637118150345437,10.2,66.0,368.5,1.2,6.32,5.63,4.9799999999999995
Chiefs,22.77777777777778,6.555555555555555,56.44444444444444,0.41594084927418257,0.6111111111111112,0.6441507956869358,0.0,0.0,0.5555555555555556,248.88888888888889,13.0,0.6777777777777777,121.22222222222223,8.333333333333334,27.22222222222222,0.1564431408634307,9.333333333333334,64.22222222222223,370.1111111111111,0.5555555555555556,6.733333333333333,5.777777777777778,4.633333333333334
Colts,23.7,6.2,52.4,0.4194655344655344,0.65,0.6976606512339762,0.1,0.5,0.7,251.6,13.1,0.705,145.3,8.7,27.4,0.11071292894714868,9.9,61.9,396.9,1.2,7.42,6.459999999999999,5.25
Commanders,18.3,7.2,61.2,0.3644222444222444,0.4833333333333333,0.6473877973877974,0.1,0.6,0.6,190.1,9.0,0.8516666666666666,135.2,7.1,27.5,0.21312271062271063,9.9,57.9,325.3,1.2,6.51,5.65,4.8100000000000005
Cowboys,23.0,8.11111111111111,67.77777777777777,0.42886742886742885,0.5185185185185185,0.6865457402137591,0.2222222222222222,0.4444444444444444,0.7777777777777778,257.77777777777777,13.222222222222221,0.6166666666666667,120.66666666666667,6.888888888888889,25.22222222222222,0.18727824463118578,10.555555555555555,64.44444444444444,378.44444444444446,1.2222222222222223,6.699999999999999,5.888888888888889,4.766666666666667
Dolphins,17.2,6.3,52.3,0.3777622377622377,0.5166666666666667,0.6834579304840216,0.1,0.4,1.3,192.1,10.8,0.6183333333333334,107.2,5.3,22.9,0.1213092463092463,9.8,55.9,299.3,1.7,5.9399999999999995,5.38,4.66
Eagles,17.333333333333332,6.777777777777778,60.77777777777778,0.32969360886027554,0.4962962962962963,0.6971890063280224,0.3333333333333333,0.3333333333333333,0.1111111111111111,191.66666666666666,9.0,0.6851851851851852,111.55555555555556,7.0,28.0,0.17429881775576572,10.11111111111111,57.55555555555556,303.22222222222223,0.4444444444444444,6.5,5.333333333333333,3.922222222222222
Falcons,19.333333333333332,5.444444444444445,42.333333333333336,0.3152939652939653,0.32407407407407407,0.6049151343353184,0.0,0.5555555555555556,0.3333333333333333,211.44444444444446,11.0,0.5222222222222223,119.33333333333333,6.555555555555555,26.77777777777778,0.13882947118241235,10.777777777777779,61.44444444444444,330.77777777777777,0.8888888888888888,6.199999999999999,5.333333333333333,4.311111111111111
Giants,20.5,7.9,65.2,0.3823214285714286,0.41,0.6100442223308077,0.0,0.4,0.6,209.9,9.4,0.5016666666666667,123.0,8.3,28.5,0.3971183261183261,10.3,63.9,332.9,1.0,5.8100000000000005,5.2,4.3
Jaguars,19.88888888888889,9.222222222222221,77.55555555555556,0.37358644441977773,0.48148148148148145,0.6050514379041316,0.3333333333333333,0.2222222222222222,0.7777777777777778,204.55555555555554,10.222222222222221,0.4351851851851852,120.33333333333333,7.333333333333333,27.555555555555557,0.13849115209409327,10.777777777777779,65.55555555555556,324.8888888888889,1.0,5.5,4.966666666666667,4.333333333333333
Jets,17.77777777777778,6.666666666666667,53.22222222222222,0.3326739618406285,0.4259259259259259,0.6169505034239333,0.3333333333333333,0.7777777777777778,0.4444444444444444,143.77777777777777,8.555555555555555,0.4092592592592592,141.77777777777777,7.666666666666667,28.22222222222222,0.1383652505897774,11.0,59.55555555555556,285.55555555555554,1.2222222222222223,4.533333333333333,4.677777777777778,5.011111111111111
Lions,20.444444444444443,6.111111111111111,43.55555555555556,0.3768152326975856,0.5833333333333334,0.7365813352403391,0.1111111111111111,0.3333333333333333,0.3333333333333333,236.11111111111111,12.666666666666666,0.6378306878306879,136.33333333333334,6.888888888888889,28.88888888888889,0.10702186702186701,10.88888888888889,61.55555555555556,372.44444444444446,0.6666666666666666,7.411111111111111,6.033333333333334,4.533333333333333
Packers,20.555555555555557,7.333333333333333,54.22222222222222,0.4645329978663312,0.6296296296296295,0.6898988746935216,0.0,0.4444444444444444,0.3333333333333333,237.44444444444446,11.777777777777779,0.6648148148148149,111.88888888888889,6.777777777777778,28.333333333333332,0.11383175996515608,10.0,61.666666666666664,349.3333333333333,0.7777777777777778,7.211111111111112,5.655555555555555,3.922222222222222
Panthers,19.8,5.2,41.4,0.37171695951107714,0.6833333333333333,0.6259954906204906,0.1,0.7,0.8,164.0,10.1,0.5516666666666666,133.1,7.4,29.2,0.11366970456444139,10.0,62.0,297.1,1.5,5.0,4.75,4.43
Patriots,20.2,7.2,56.5,0.4171994671994672,0.5966666666666667,0.7276404542458612,0.4,0.7,0.5,241.4,11.7,0.5333333333333333,117.7,7.0,28.9,0.3967850625745363,10.3,61.2,359.1,1.2,7.83,5.91,4.0200000000000005
Raiders,16.333333333333332,7.0,55.77777777777778,0.372059422059422,0.35185185185185186,0.6691427611511914,0.0,0.2222222222222222,1.3333333333333333,185.22222222222223,9.88888888888889,0.5092592592592592,87.44444444444444,4.666666666666667,23.77777777777778,0.13929579696367356,10.777777777777779,56.77777777777778,272.6666666666667,1.5555555555555556,5.6,4.7555555555555555,3.5
Rams,23.88888888888889,4.555555555555555,38.44444444444444,0.40489078822412156,0.7407407407407407,0.6702691733115065,0.0,0.5555555555555556,0.2222222222222222,259.8888888888889,14.0,0.6351851851851852,113.44444444444444,7.111111111111111,27.555555555555557,0.11605339105339103,10.555555555555555,63.666666666666664,373.3333333333333,0.7777777777777778,7.111111111111111,5.833333333333333,4.155555555555555
Ravens,18.666666666666668,6.0,48.55555555555556,0.4013654646007587,0.39814814814814814,0.6997971266422954,0.1111111111111111,0.5555555555555556,0.5555555555555556,181.44444444444446,9.222222222222221,0.4981481481481482,137.33333333333334,7.666666666666667,27.11111111111111,0.19133545600936902,10.555555555555555,56.22222222222222,318.77777777777777,1.1111111111111112,6.544444444444444,5.766666666666667,5.088888888888889
Saints,18.0,7.4,52.5,0.37315383962442783,0.31666666666666665,0.6635787789705979,0.1,0.7,0.8,204.4,9.9,0.39166666666666666,92.8,5.7,24.9,0.16777534645181702,10.1,61.5,297.2,1.5,5.85,4.92,3.6700000000000004
Seahawks,19.88888888888889,6.0,50.333333333333336,0.40585155585155586,0.2777777777777778,0.7191374036091995,0.4444444444444444,1.0,0.7777777777777778,246.11111111111111,10.777777777777779,0.6722222222222222,114.33333333333333,6.666666666666667,30.22222222222222,0.12142897044857828,11.11111111111111,57.111111111111114,360.44444444444446,1.7777777777777777,9.577777777777778,6.377777777777777,3.8000000000000003
Steelers,16.666666666666668,6.0,43.666666666666664,0.3641716308382975,0.2222222222222222,0.6769053220336118,0.0,0.3333333333333333,0.7777777777777778,195.0,8.88888888888889,0.6833333333333333,85.66666666666667,5.888888888888889,22.333333333333332,0.1121885648846433,11.0,55.0,280.6666666666667,1.1111111111111112,6.077777777777778,5.1,3.9555555555555557
Texans,19.22222222222222,7.444444444444445,59.55555555555556,0.3592683369644154,0.75,0.6565610589069775,0.2222222222222222,0.3333333333333333,0.6666666666666666,220.0,11.444444444444445,0.34814814814814815,111.22222222222223,5.333333333333333,26.22222222222222,0.12196939507502441,11.222222222222221,64.22222222222223,331.22222222222223,1.0,5.966666666666666,5.155555555555555,4.266666666666667
Titans,15.222222222222221,6.777777777777778,52.666666666666664,0.2730035396702063,0.3148148148148148,0.566949963234793,0.2222222222222222,0.7777777777777778,0.6666666666666666,162.77777777777777,9.777777777777779,0.3333333333333333,81.22222222222223,4.222222222222222,20.333333333333332,0.13451734497530818,10.777777777777779,57.333333333333336,244.0,1.4444444444444444,4.322222222222222,4.222222222222222,3.988888888888889
Vikings,17.77777777777778,8.333333333333334,65.66666666666667,0.31700336700336695,0.39629629629629626,0.6079322781005811,0.2222222222222222,0.5555555555555556,1.2222222222222223,197.77777777777777,10.0,0.6000000000000001,102.11111111111111,5.555555555555555,22.22222222222222,0.19985109378384228,11.222222222222221,57.77777777777778,299.8888888888889,1.7777777777777777,5.488888888888889,5.133333333333334,4.5
